<?xml version="1.0" encoding="UTF-8"?>
<crossword-compiler xmlns="http://crossword.info/xml/crossword-compiler"><rectangular-puzzle xmlns="http://crossword.info/xml/rectangular-puzzle" alphabet="ABCDEFGHIJKLMNOPQRSTUVWXYZ"><metadata><title></title><creator></creator><copyright></copyright><description></description></metadata><crossword><grid width="12" height="14"><grid-look numbering-scheme="none" cell-size-in-pixels="34" clue-background-color="#CCE2FD" clue-square-divider-width="0.7"/><cell x="1" y="1" type="clue" foreground-color="#000000"><clue word="1">Там\nЭверест</clue></cell><cell x="1" y="2" solution="Г"><arrow from="top" to="right"/></cell><cell x="1" y="3" type="clue" foreground-color="#000000"><clue word="4">Японский\nтеатр\nактеров-\nмужчин</clue></cell><cell x="1" y="4" solution="К"><arrow from="top" to="right"/></cell><cell x="1" y="5" type="clue" foreground-color="#000000"><clue word="6">Гонки на\nтреке</clue></cell><cell x="1" y="6" solution="П"><arrow from="bottom" to="right"/></cell><cell x="1" y="7" type="clue" foreground-color="#000000"><clue word="7">При-\nстенная\nколонна</clue></cell><cell x="1" y="8" solution="А"><arrow from="bottom" to="right"/></cell><cell x="1" y="9" type="clue" foreground-color="#000000"><clue word="10">'Наслед-\nство' от\nдалеких\nпредков</clue></cell><cell x="1" y="10" type="clue" foreground-color="#000000"><clue word="12">Снаряд\nна суб-\nмарине</clue></cell><cell x="1" y="11" solution="Ш"><arrow from="bottom" to="right"/></cell><cell x="1" y="12" type="clue" foreground-color="#000000"><clue word="13">Бывает\nплоской и\nнеумест-\nной</clue></cell><cell x="1" y="13" solution="С"><arrow from="bottom" to="right"/></cell><cell x="1" y="14" type="clue" foreground-color="#000000"><clue word="17">Беспо-\nкойное\nдля царей\nвремя</clue></cell><cell x="2" y="1" solution="В"><arrow from="right" to="bottom"/></cell><cell x="2" y="2" solution="И"/><cell x="2" y="3" solution="З"/><cell x="2" y="4" solution="А"/><cell x="2" y="5" solution="В"><arrow from="left" to="right"/></cell><cell x="2" y="6" solution="И"/><cell x="2" y="7" type="clue" foreground-color="#000000"><clue word="32">Вид\nбоди-арта</clue></cell><cell x="2" y="8" solution="Т"><arrow from="top" to="bottom"/></cell><cell x="2" y="9" solution="А"/><cell x="2" y="10" solution="Т"><arrow from="left" to="right"/></cell><cell x="2" y="11" solution="У"/><cell x="2" y="12" type="clue" foreground-color="#000000"><clue word="15">Турецкая\nмонета</clue></cell><cell x="2" y="13" solution="М"/><cell x="2" y="14" type="clue" foreground-color="#000000"><clue word="19">Святой\nотец\nкатолика</clue></cell><cell x="3" y="1" type="clue" foreground-color="#000000"><clue word="21">Лицом к\nлицу</clue></cell><cell x="3" y="2" solution="М"/><cell x="3" y="3" type="clue" foreground-color="#000000"><clue word="27">Бегунья в\nколесе</clue></cell><cell x="3" y="4" solution="Б"><arrow from="top" to="bottom"/></cell><cell x="3" y="5" solution="Е"/><cell x="3" y="6" solution="Л"/><cell x="3" y="7" solution="К"/><cell x="3" y="8" solution="А"/><cell x="3" y="9" type="clue" foreground-color="#000000"><clue word="37">Плата за\nсвободу</clue></cell><cell x="3" y="10" solution="О"><arrow from="top" to="bottom"/></cell><cell x="3" y="11" solution="Т"/><cell x="3" y="12" solution="К"><arrow from="left" to="right"/></cell><cell x="3" y="13" solution="У"/><cell x="3" y="14" solution="П"><arrow from="left" to="right"/></cell><cell x="4" y="1" solution="Б"><arrow from="right" to="bottom"/></cell><cell x="4" y="2" solution="А"/><cell x="4" y="3" solution="Б"/><cell x="4" y="4" solution="У"/><cell x="4" y="5" solution="Л"/><cell x="4" y="6" solution="Я"/><cell x="4" y="7" type="clue" foreground-color="#000000"><clue word="33">Угольный\nцентр в\nКоми</clue></cell><cell x="4" y="8" solution="В"><arrow from="top" to="bottom"/></cell><cell x="4" y="9" solution="О"/><cell x="4" y="10" solution="Р"/><cell x="4" y="11" solution="К"/><cell x="4" y="12" solution="У"/><cell x="4" y="13" solution="Т"/><cell x="4" y="14" solution="А"/><cell x="5" y="1" type="clue" foreground-color="#000000"><clue word="22">Женщина\nпреклон-\nного\nвозраста</clue></cell><cell x="5" y="2" solution="Л"/><cell x="5" y="3" type="clue" foreground-color="#000000"><clue word="28">Кубики\nдля игры\nв покер</clue></cell><cell x="5" y="4" solution="К"><arrow from="top" to="bottom"/></cell><cell x="5" y="5" solution="О"/><cell x="5" y="6" solution="С"/><cell x="5" y="7" solution="Т"/><cell x="5" y="8" solution="И"/><cell x="5" y="9" type="clue" foreground-color="#000000"><clue word="38">Празд-\nничное\nшествие\nвоенных</clue></cell><cell x="5" y="10" solution="П"><arrow from="top" to="bottom"/></cell><cell x="5" y="11" solution="А"/><cell x="5" y="12" solution="Р"/><cell x="5" y="13" solution="А"/><cell x="5" y="14" solution="Д"/><cell x="6" y="1" solution="Р"><arrow from="right" to="bottom"/></cell><cell x="6" y="2" solution="А"/><cell x="6" y="3" solution="Д"/><cell x="6" y="4" solution="И"/><cell x="6" y="5" solution="С"/><cell x="6" y="6" solution="Т"/><cell x="6" y="7" type="clue" foreground-color="#000000"><clue word="9">Году\nначало,\nзиме\nсередка</clue></cell><cell x="6" y="8" solution="З"/><cell x="6" y="9" type="clue" foreground-color="#000000"><clue word="11">Церков-\nная хвала</clue></cell><cell x="6" y="10" solution="Е"/><cell x="6" y="11" type="clue" foreground-color="#000000"><clue word="14">Донка</clue></cell><cell x="6" y="12" solution="У"/><cell x="6" y="13" type="clue" foreground-color="#000000"><clue word="18">Предмет\nдля\nшитья</clue></cell><cell x="6" y="14" solution="Р"/><cell x="7" y="1" type="clue" foreground-color="#000000"><clue word="23">Спец по\nМорзе</clue></cell><cell x="7" y="2" solution="И"/><cell x="7" y="3" type="clue" foreground-color="#000000"><clue word="3">Шишак\nратника</clue></cell><cell x="7" y="4" type="clue" foreground-color="#000000"><clue word="30">Неумение\nхитрить</clue></cell><cell x="7" y="5" solution="П"><arrow from="top" to="bottom"/></cell><cell x="7" y="6" solution="Р"/><cell x="7" y="7" solution="Я"><arrow from="left" to="right"/></cell><cell x="7" y="8" solution="М"/><cell x="7" y="9" solution="О"><arrow from="left" to="right"/></cell><cell x="7" y="10" solution="Д"/><cell x="7" y="11" solution="У"><arrow from="left" to="right"/></cell><cell x="7" y="12" solution="Ш"/><cell x="7" y="13" solution="И"><arrow from="left" to="right"/></cell><cell x="7" y="14" solution="Е"/><cell x="8" y="1" type="clue" foreground-color="#000000"><clue word="24">Измене-\nние цвета\nкраски</clue></cell><cell x="8" y="2" type="clue" foreground-color="#000000"><clue word="2">Травма от\nгорячего\nутюга</clue></cell><cell x="8" y="3" solution="Ш"><arrow from="left" to="right"/></cell><cell x="8" y="4" type="clue" foreground-color="#000000"><clue word="5">Сухая\nстарица</clue></cell><cell x="8" y="5" solution="О"/><cell x="8" y="6" type="clue" foreground-color="#000000"><clue word="8">Сушат\nснопы</clue></cell><cell x="8" y="7" solution="Н"/><cell x="8" y="8" type="clue" foreground-color="#000000"><clue word="34">Зимний,\nдетский\nили бота-\nнический</clue></cell><cell x="8" y="9" solution="С"><arrow from="top" to="bottom"/></cell><cell x="8" y="10" solution="А"/><cell x="8" y="11" solution="Д"/><cell x="8" y="12" type="clue" foreground-color="#000000"><clue word="16">Египет-\nский мега-\nполис</clue></cell><cell x="8" y="13" solution="Г"/><cell x="8" y="14" type="clue" foreground-color="#000000"><clue word="20">Здравица</clue></cell><cell x="9" y="1" solution="К"><arrow from="left" to="bottom"/></cell><cell x="9" y="2" solution="О"><arrow from="left" to="right"/></cell><cell x="9" y="3" solution="Л"/><cell x="9" y="4" solution="Е"><arrow from="left" to="right"/></cell><cell x="9" y="5" solution="Р"/><cell x="9" y="6" solution="О"><arrow from="left" to="right"/></cell><cell x="9" y="7" solution="В"/><cell x="9" y="8" solution="К"/><cell x="9" y="9" solution="А"/><cell x="9" y="10" type="clue" foreground-color="#000000"><clue word="39">Овечьи\nроды</clue></cell><cell x="9" y="11" solution="О"><arrow from="top" to="bottom"/></cell><cell x="9" y="12" solution="К"><arrow from="left" to="right"/></cell><cell x="9" y="13" solution="О"/><cell x="9" y="14" solution="Т"><arrow from="left" to="right"/></cell><cell x="10" y="1" type="clue" foreground-color="#000000"><clue word="26">Коварный\nподарок в\nгамбите</clue></cell><cell x="10" y="2" solution="Ж"><arrow from="top" to="bottom"/></cell><cell x="10" y="3" solution="Е"/><cell x="10" y="4" solution="Р"/><cell x="10" y="5" solution="Т"/><cell x="10" y="6" solution="В"/><cell x="10" y="7" solution="А"/><cell x="10" y="8" type="clue" foreground-color="#000000"><clue word="35">Нет у\nкольца</clue></cell><cell x="10" y="9" solution="Н"><arrow from="top" to="bottom"/></cell><cell x="10" y="10" solution="А"/><cell x="10" y="11" solution="Ч"/><cell x="10" y="12" solution="А"/><cell x="10" y="13" solution="Л"/><cell x="10" y="14" solution="О"/><cell x="11" y="1" solution="К"><arrow from="right" to="bottom"/></cell><cell x="11" y="2" solution="О"/><cell x="11" y="3" solution="М"/><cell x="11" y="4" solution="И"/><cell x="11" y="5" type="clue" foreground-color="#000000"><clue word="31">Страна -\nэкспортер\nчудесных\nковров</clue></cell><cell x="11" y="6" solution="И"><arrow from="top" to="bottom"/></cell><cell x="11" y="7" solution="Р"/><cell x="11" y="8" solution="А"/><cell x="11" y="9" solution="Н"/><cell x="11" y="10" type="clue" foreground-color="#000000"><clue word="40">Смазан-\nный удар\nкием</clue></cell><cell x="11" y="11" solution="К"><arrow from="top" to="bottom"/></cell><cell x="11" y="12" solution="И"/><cell x="11" y="13" solution="К"/><cell x="11" y="14" solution="С"/><cell x="12" y="1" type="clue" foreground-color="#000000"><clue word="25">Северная\nавтоно-\nмия РФ</clue></cell><cell x="12" y="2" solution="Г"/><cell x="12" y="3" type="clue" foreground-color="#000000"><clue word="29">Старый ...\nборозды\nне портит</clue></cell><cell x="12" y="4" solution="К"><arrow from="top" to="bottom"/></cell><cell x="12" y="5" solution="О"/><cell x="12" y="6" solution="Н"/><cell x="12" y="7" solution="Ь"/><cell x="12" y="8" type="clue" foreground-color="#000000"><clue word="36">Гора, где\nНой якорь\nбросил</clue></cell><cell x="12" y="9" solution="А"><arrow from="top" to="bottom"/></cell><cell x="12" y="10" solution="Р"/><cell x="12" y="11" solution="А"/><cell x="12" y="12" solution="Р"/><cell x="12" y="13" solution="А"/><cell x="12" y="14" solution="Т"/></grid><word id="1" x="1-7" y="2"/><word id="2" x="9-12" y="2"/><word id="3" x="8-11" y="3"/><word id="4" x="1-6" y="4"/><word id="5" x="9-12" y="4"/><word id="6" x="2-10" y="5"/><word id="7" x="1-7" y="6"/><word id="8" x="9-12" y="6"/><word id="9" x="7-12" y="7"/><word id="10" x="1-7" y="8"/><word id="11" x="7-12" y="9"/><word id="12" x="2-8" y="10"/><word id="13" x="1-5" y="11"/><word id="14" x="7-12" y="11"/><word id="15" x="3-7" y="12"/><word id="16" x="9-12" y="12"/><word id="17" x="1-5" y="13"/><word id="18" x="7-12" y="13"/><word id="19" x="3-7" y="14"/><word id="20" x="9-12" y="14"/><word id="21" x="2" y="1-6"/><word id="22" x="4" y="1-6"/><word id="23" x="6" y="1-6"/><word id="24" x="9" y="1-9"/><word id="25" x="11" y="1-4"/><word id="26" x="10" y="2-7"/><word id="27" x="3" y="4-8"/><word id="28" x="5" y="4-8"/><word id="29" x="12" y="4-7"/><word id="30" x="7" y="5-14"/><word id="31" x="11" y="6-9"/><word id="32" x="2" y="8-11"/><word id="33" x="4" y="8-14"/><word id="34" x="8" y="9-11"/><word id="35" x="10" y="9-14"/><word id="36" x="12" y="9-14"/><word id="37" x="3" y="10-14"/><word id="38" x="5" y="10-14"/><word id="39" x="9" y="11-14"/><word id="40" x="11" y="11-14"/></crossword></rectangular-puzzle></crossword-compiler>
