<?xml version="1.0" encoding="UTF-8"?>
<crossword-compiler xmlns="http://crossword.info/xml/crossword-compiler"><rectangular-puzzle xmlns="http://crossword.info/xml/rectangular-puzzle" alphabet="ABCDEFGHIJKLMNOPQRSTUVWXYZ"><metadata><title></title><creator></creator><copyright></copyright><description></description></metadata><crossword><grid width="13" height="16"><grid-look numbering-scheme="none" cell-size-in-pixels="34" clue-background-color="#D9D9FF" clue-square-divider-width="0.7"/><cell x="1" y="1" type="clue"><clue word="1">Ножки\nфото-\nкамеры</clue></cell><cell x="1" y="2" solution="Ш"><arrow from="top" to="right"/></cell><cell x="1" y="3" type="clue"><clue word="4">Медаль\nза третье\nместо</clue></cell><cell x="1" y="4" solution="Б"><arrow from="top" to="right"/></cell><cell x="1" y="5" type="clue" foreground-color="#000000"><clue word="6">Актриса\nСимонова</clue></cell><cell x="1" y="6" solution="М"><arrow from="bottom" to="right"/></cell><cell x="1" y="7" type="clue" foreground-color="#000000"><clue word="7">Липовый\nлуб для\nверевок</clue></cell><cell x="1" y="8" type="clue" foreground-color="#000000"><clue word="10">Река в\nКрасно-\nярске</clue></cell><cell x="1" y="9" solution="С"><arrow from="bottom" to="right"/></cell><cell x="1" y="10" type="clue" foreground-color="#000000"><clue word="12">Столет-\nний дедок</clue></cell><cell x="1" y="11" type="clue" foreground-color="#000000"><clue word="14">Мегапо-\nлис\nпакис-\nтанцев</clue></cell><cell x="1" y="12" solution="М"><arrow from="bottom" to="right"/></cell><cell x="1" y="13" type="clue" foreground-color="#000000"><clue word="15">Трава для\nдобычи\nментола</clue></cell><cell x="1" y="14" solution="М"><arrow from="bottom" to="right"/></cell><cell x="1" y="15" type="clue" foreground-color="#000000"><clue word="18">Сверх-\nлегкий\nмотоцикл</clue></cell><cell x="1" y="16" type="clue"><clue word="21">'Сливки'\nдворян-\nства</clue></cell><cell x="2" y="1" solution="С"><arrow from="right" to="bottom"/></cell><cell x="2" y="2" solution="Т"/><cell x="2" y="3" solution="Е"/><cell x="2" y="4" solution="Р"/><cell x="2" y="5" solution="Е"><arrow from="left" to="right"/></cell><cell x="2" y="6" solution="О"/><cell x="2" y="7" solution="М"/><cell x="2" y="8" solution="Е"><arrow from="left" to="right"/></cell><cell x="2" y="9" solution="Т"/><cell x="2" y="10" solution="Р"/><cell x="2" y="11" solution="И"><arrow from="left" to="right"/></cell><cell x="2" y="12" solution="Я"/><cell x="2" y="13" type="clue" foreground-color="#000000"><clue word="17">Нелепица</clue></cell><cell x="2" y="14" solution="О"/><cell x="2" y="15" type="clue" foreground-color="#000000"><clue word="20">Атом с\nминусо-\nвым\nзарядом</clue></cell><cell x="2" y="16" solution="З"><arrow from="left" to="right"/></cell><cell x="3" y="1" type="clue"><clue word="23">'Объем-\nная'\nгеометрия</clue></cell><cell x="3" y="2" solution="А"/><cell x="3" y="3" type="clue"><clue word="29">Шкура\nдля\nтулупа</clue></cell><cell x="3" y="4" solution="О"><arrow from="top" to="bottom"/></cell><cell x="3" y="5" solution="В"/><cell x="3" y="6" solution="Ч"/><cell x="3" y="7" left-bar="true" solution="И"/><cell x="3" y="8" solution="Н"/><cell x="3" y="9" solution="А"/><cell x="3" y="10" type="clue" foreground-color="#000000"><clue word="38">'Большой\nбрат'\nстопки</clue></cell><cell x="3" y="11" solution="С"><arrow from="top" to="bottom"/></cell><cell x="3" y="12" solution="Т"/><cell x="3" y="13" solution="А"><arrow from="left" to="right"/></cell><cell x="3" y="14" solution="К"/><cell x="3" y="15" solution="А"><arrow from="left" to="right"/></cell><cell x="3" y="16" solution="Н"/><cell x="4" y="1" solution="Ш"><arrow from="right" to="bottom"/></cell><cell x="4" y="2" solution="Т"/><cell x="4" y="3" solution="А"/><cell x="4" y="4" solution="Н"/><cell x="4" y="5" solution="Г"/><cell x="4" y="6" solution="А"/><cell x="4" y="7" type="clue" foreground-color="#000000"><clue word="9">Свод\nправил</clue></cell><cell x="4" y="8" solution="И"/><cell x="4" y="9" top-bar="true" solution="Р"/><cell x="4" y="10" top-bar="true" solution="С"><arrow from="right" to="bottom"/></cell><cell x="4" y="11" solution="Л"/><cell x="4" y="12" solution="А"/><cell x="4" y="13" solution="Б"/><cell x="4" y="14" solution="И"/><cell x="4" y="15" solution="Н"/><cell x="4" y="16" solution="А"/><cell x="5" y="1" type="clue"><clue word="24">Снаряд\nдля\nнакачки\nмышц</clue></cell><cell x="5" y="2" solution="И"/><cell x="5" y="3" type="clue"><clue word="3">'..., детям\n- моро-\nженое!'</clue></cell><cell x="5" y="4" solution="З"/><cell x="5" y="5" top-bar="true" solution="Е"/><cell x="5" y="6" top-bar="true" solution="Л"/><cell x="5" y="7" top-bar="true" solution="У"><arrow from="left" to="right"/></cell><cell x="5" y="8" top-bar="true" solution="С"/><cell x="5" y="9" top-bar="true" solution="Е"/><cell x="5" y="10" type="clue" foreground-color="#000000"><clue word="33">Не-\nсильное\nместо\nнатуры</clue></cell><cell x="5" y="11" solution="А"/><cell x="5" y="12" type="clue" foreground-color="#000000"><clue word="41">Удален-\nное по-\nселение\nиноков</clue></cell><cell x="5" y="13" solution="С"><arrow from="top" to="bottom"/></cell><cell x="5" y="14" solution="К"/><cell x="5" y="15" solution="И"/><cell x="5" y="16" solution="Т"/><cell x="6" y="1" solution="А"><arrow from="right" to="bottom"/></cell><cell x="6" y="2" solution="В"/><cell x="6" y="3" solution="И"><arrow from="left" to="right"/></cell><cell x="6" y="4" solution="А"/><cell x="6" y="5" solution="Н"/><cell x="6" y="6" solution="О"/><cell x="6" y="7" solution="С"/><cell x="6" y="8" solution="Е"/><cell x="6" y="9" solution="Ц"/><cell x="6" y="10" type="clue" foreground-color="#000000"><clue word="13">Содер-\nжанка</clue></cell><cell x="6" y="11" solution="М"/><cell x="6" y="12" type="clue" foreground-color="#000000"><clue word="16">Звонящее\nсредство\nобщения</clue></cell><cell x="6" y="13" solution="У"/><cell x="6" y="14" type="clue" foreground-color="#000000"><clue word="19">Потеря\nобоняния</clue></cell><cell x="6" y="15" solution="О"/><cell x="6" y="16" top-bar="true" solution="Ь"/><cell x="7" y="1" type="clue"><clue word="25">Корабль с\nсамоле-\nтами на\nборту</clue></cell><cell x="7" y="2" type="clue"><clue word="2">Способ\nпостро-\nения</clue></cell><cell x="7" y="3" solution="Д"/><cell x="7" y="4" type="clue" foreground-color="#000000"><clue word="5">Отпеча-\nтанный\nперечень</clue></cell><cell x="7" y="5" solution="И"/><cell x="7" y="6" type="clue" foreground-color="#000000"><clue word="8">Едок\nизыскан-\nных блюд</clue></cell><cell x="7" y="7" solution="Т"/><cell x="7" y="8" top-bar="true" solution="Й"/><cell x="7" y="9" type="clue" foreground-color="#000000"><clue word="34">'Мелочь\nпузатая'\nсреди\nакул</clue></cell><cell x="7" y="10" solution="К"><arrow from="top" to="bottom"/><arrow from="left" to="right"/></cell><cell x="7" y="11" solution="А"/><cell x="7" y="12" solution="Т"><arrow from="left" to="right"/></cell><cell x="7" y="13" solution="Р"/><cell x="7" y="14" solution="А"><arrow from="left" to="right"/></cell><cell x="7" y="15" solution="Н"/><cell x="7" y="16" type="clue" foreground-color="#000000"><clue word="22">Брониро-\nванная\nсвита\nцаря</clue></cell><cell x="8" y="1" solution="П"><arrow from="right" to="bottom"/></cell><cell x="8" y="2" solution="Р"><arrow from="left" to="right"/></cell><cell x="8" y="3" solution="И"/><cell x="8" y="4" solution="С"><arrow from="left" to="right"/></cell><cell x="8" y="5" solution="Я"/><cell x="8" y="6" solution="Г"><arrow from="left" to="right"/></cell><cell x="8" y="7" solution="А"/><cell x="8" y="8" type="clue" foreground-color="#000000"><clue word="11">Землянин\nжелтой\nрасы</clue></cell><cell x="8" y="9" type="clue" foreground-color="#000000"><clue word="35">Церков-\nная\nслужба</clue></cell><cell x="8" y="10" solution="О"><arrow from="top" to="bottom"/></cell><cell x="8" y="11" solution="Б"/><cell x="8" y="12" solution="Е"/><cell x="8" y="13" solution="Д"/><cell x="8" y="14" solution="Н"/><cell x="8" y="15" left-bar="true" solution="Я"/><cell x="8" y="16" top-bar="true" solution="С"><arrow from="left" to="right"/></cell><cell x="9" y="1" type="clue"><clue word="26">Армей-\nская\nклятва</clue></cell><cell x="9" y="2" solution="А"/><cell x="9" y="3" top-bar="true" solution="О"/><cell x="9" y="4" top-bar="true" solution="П"/><cell x="9" y="5" type="clue" foreground-color="#000000"><clue word="32">Убыль\nпри ки-\nпячении</clue></cell><cell x="9" y="6" solution="У"><arrow from="top" to="bottom"/></cell><cell x="9" y="7" solution="В"/><cell x="9" y="8" solution="А"><arrow from="left" to="right"/></cell><cell x="9" y="9" solution="Р"/><cell x="9" y="10" solution="К"/><cell x="9" y="11" solution="А"/><cell x="9" y="12" top-bar="true" solution="Л"/><cell x="9" y="13" type="clue" foreground-color="#000000"><clue word="42">Подзем-\nная гор-\nная вы-\nработка</clue></cell><cell x="9" y="14" solution="О"><arrow from="top" to="bottom"/></cell><cell x="9" y="15" left-bar="true" solution="Р"/><cell x="9" y="16" solution="Т"/><cell x="10" y="1" solution="А"><arrow from="right" to="bottom"/></cell><cell x="10" y="2" solution="Н"/><cell x="10" y="3" solution="Т"/><cell x="10" y="4" solution="И"/><cell x="10" y="5" solution="Ф"/><cell x="10" y="6" solution="Р"/><cell x="10" y="7" left-bar="true" solution="И"/><cell x="10" y="8" solution="З"/><cell x="10" y="9" type="clue" foreground-color="#000000"><clue word="36">Город\nкатакомб\nи Привоза</clue></cell><cell x="10" y="10" solution="О"><arrow from="top" to="bottom"/></cell><cell x="10" y="11" solution="Д"/><cell x="10" y="12" solution="Е"/><cell x="10" y="13" solution="С"/><cell x="10" y="14" solution="С"/><cell x="10" y="15" left-bar="true" solution="А"/><cell x="10" y="16" top-bar="true" solution="Р"/><cell x="11" y="1" type="clue"><clue word="27">Добавка,\nчтоб вода\nне замер-\nзала</clue></cell><cell x="11" y="2" solution="Ж"/><cell x="11" y="3" type="clue"><clue word="30">Путин как\nспорт-\nсмен</clue></cell><cell x="11" y="4" solution="С"><arrow from="top" to="bottom"/></cell><cell x="11" y="5" left-bar="true" solution="А"/><cell x="11" y="6" solution="М"/><cell x="11" y="7" left-bar="true" solution="Б"/><cell x="11" y="8" solution="И"/><cell x="11" y="9" solution="С"/><cell x="11" y="10" solution="Т"/><cell x="11" y="11" type="clue" foreground-color="#000000"><clue word="39">Откры-\nвалка\nграбителя</clue></cell><cell x="11" y="12" solution="Ф"><arrow from="top" to="bottom"/></cell><cell x="11" y="13" left-bar="true" solution="О"/><cell x="11" y="14" solution="М"/><cell x="11" y="15" left-bar="true" solution="К"/><cell x="11" y="16" solution="А"/><cell x="12" y="1" solution="П"><arrow from="right" to="bottom"/></cell><cell x="12" y="2" solution="И"/><cell x="12" y="3" solution="Л"/><cell x="12" y="4" solution="О"/><cell x="12" y="5" left-bar="true" solution="Р"/><cell x="12" y="6" solution="А"/><cell x="12" y="7" left-bar="true" solution="М"/><cell x="12" y="8" solution="А"/><cell x="12" y="9" type="clue" foreground-color="#000000"><clue word="37">Ушастое\nмлекопи-\nтающее</clue></cell><cell x="12" y="10" solution="К"><arrow from="top" to="bottom"/></cell><cell x="12" y="11" solution="Р"/><cell x="12" y="12" solution="О"/><cell x="12" y="13" left-bar="true" solution="Л"/><cell x="12" y="14" solution="И"/><cell x="12" y="15" left-bar="true" solution="К"/><cell x="12" y="16" top-bar="true" solution="Ж"/><cell x="13" y="1" type="clue"><clue word="28">Станок\nдля резки\nбревен</clue></cell><cell x="13" y="2" solution="Р"/><cell x="13" y="3" type="clue"><clue word="31">'Лифт'\nгорно-\nлыжников</clue></cell><cell x="13" y="4" solution="К"><arrow from="top" to="bottom"/></cell><cell x="13" y="5" left-bar="true" solution="А"/><cell x="13" y="6" solution="Н"/><cell x="13" y="7" left-bar="true" solution="А"/><cell x="13" y="8" solution="Т"/><cell x="13" y="9" solution="К"/><cell x="13" y="10" solution="А"/><cell x="13" y="11" type="clue" foreground-color="#000000"><clue word="40">Дочка\nЗевса,\nживущая\nв речке</clue></cell><cell x="13" y="12" solution="Н"><arrow from="top" to="bottom"/></cell><cell x="13" y="13" left-bar="true" solution="А"/><cell x="13" y="14" solution="Я"/><cell x="13" y="15" left-bar="true" solution="Д"/><cell x="13" y="16" solution="А"/></grid><word id="1" x="1-6" y="2"/><word id="2" x="8-13" y="2"/><word id="3" x="6-10" y="3"/><word id="4" x="1-6" y="4"/><word id="5" x="8-13" y="4"/><word id="6" x="2-8" y="5"/><word id="7" x="1-6" y="6"/><word id="8" x="8-13" y="6"/><word id="9" x="5-9" y="7"/><word id="10" x="2-7" y="8"/><word id="11" x="9-13" y="8"/><word id="12" x="1-6" y="9"/><word id="13" x="7-13" y="10"/><word id="14" x="2-10" y="11"/><word id="15" x="1-4" y="12"/><word id="16" x="7-13" y="12"/><word id="17" x="3-8" y="13"/><word id="18" x="1-5" y="14"/><word id="19" x="7-13" y="14"/><word id="20" x="3-7" y="15"/><word id="21" x="2-6" y="16"/><word id="22" x="8-13" y="16"/><word id="23" x="2" y="1-12"/><word id="24" x="4" y="1-6"/><word id="25" x="6" y="1-9"/><word id="26" x="8" y="1-7"/><word id="27" x="10" y="1-8"/><word id="28" x="12" y="1-8"/><word id="29" x="3" y="4-9"/><word id="30" x="11" y="4-10"/><word id="31" x="13" y="4-10"/><word id="32" x="9" y="6-11"/><word id="33" x="4" y="10-16"/><word id="34" x="7" y="10-15"/><word id="35" x="8" y="10-15"/><word id="36" x="10" y="10-15"/><word id="37" x="12" y="10-15"/><word id="38" x="3" y="11-16"/><word id="39" x="11" y="12-16"/><word id="40" x="13" y="12-16"/><word id="41" x="5" y="13-16"/><word id="42" x="9" y="14-16"/></crossword></rectangular-puzzle></crossword-compiler>
