<?xml version="1.0" encoding="UTF-8"?>
<crossword-compiler xmlns="http://crossword.info/xml/crossword-compiler"><rectangular-puzzle xmlns="http://crossword.info/xml/rectangular-puzzle" alphabet="ABCDEFGHIJKLMNOPQRSTUVWXYZ"><metadata><title></title><creator></creator><copyright></copyright><description></description></metadata><crossword><grid width="13" height="16"><grid-look numbering-scheme="none" cell-size-in-pixels="34" clue-background-color="#D8FCF3" clue-square-divider-width="0.7"/><cell x="1" y="1" type="clue"><clue word="1">Шоу\n'Вечерний\n...'</clue></cell><cell x="1" y="2" solution="У"><arrow from="top" to="right"/></cell><cell x="1" y="3" type="clue"><clue word="4">Веревка\nдушегуба</clue></cell><cell x="1" y="4" solution="У"><arrow from="top" to="right"/></cell><cell x="1" y="5" type="clue" foreground-color="#000000"><clue word="6">Крупный\nгород\nСибири</clue></cell><cell x="1" y="6" solution="А"><arrow from="bottom" to="right"/></cell><cell x="1" y="7" type="clue" foreground-color="#000000"><clue word="7">Кон-\nсультант\nпосла</clue></cell><cell x="1" y="8" type="clue" foreground-color="#000000"><clue word="10">'Ой!' от\nнеожи-\nданности</clue></cell><cell x="1" y="9" solution="Л"><arrow from="bottom" to="right"/></cell><cell x="1" y="10" type="clue" foreground-color="#000000"><clue word="12">Рижская\nдержава</clue></cell><cell x="1" y="11" type="clue" foreground-color="#000000"><clue word="14">Мегапо-\nлис паки-\nстанцев</clue></cell><cell x="1" y="12" solution="В"><arrow from="bottom" to="right"/></cell><cell x="1" y="13" type="clue" foreground-color="#000000"><clue word="15">Блоки-\nровка\nзакона</clue></cell><cell x="1" y="14" solution="Б"><arrow from="bottom" to="right"/></cell><cell x="1" y="15" type="clue" foreground-color="#000000"><clue word="18">Старший\nбрат\nрозги</clue></cell><cell x="1" y="16" type="clue"><clue word="21">Куратор\nцарской\nсворы</clue></cell><cell x="2" y="1" solution="К"><arrow from="right" to="bottom"/></cell><cell x="2" y="2" solution="Р"/><cell x="2" y="3" solution="Е"/><cell x="2" y="4" solution="Д"/><cell x="2" y="5" solution="И"><arrow from="left" to="right"/></cell><cell x="2" y="6" solution="Т"/><cell x="2" y="7" solution="О"/><cell x="2" y="8" solution="В"><arrow from="left" to="right"/></cell><cell x="2" y="9" solution="А"/><cell x="2" y="10" solution="Н"/><cell x="2" y="11" solution="И"><arrow from="left" to="right"/></cell><cell x="2" y="12" solution="Е"/><cell x="2" y="13" type="clue" foreground-color="#000000"><clue word="17">Наряд\nдля\nлампы</clue></cell><cell x="2" y="14" solution="А"/><cell x="2" y="15" type="clue" foreground-color="#000000"><clue word="20">Фарт</clue></cell><cell x="2" y="16" solution="П"><arrow from="left" to="right"/></cell><cell x="3" y="1" type="clue"><clue word="23">Выдача\nбанком\nссуд</clue></cell><cell x="3" y="2" solution="Г"/><cell x="3" y="3" type="clue"><clue word="29">Притвор-\nщик на\nсцене</clue></cell><cell x="3" y="4" solution="А"><arrow from="top" to="bottom"/></cell><cell x="3" y="5" solution="Р"/><cell x="3" y="6" solution="Т"/><cell x="3" y="7" left-bar="true" solution="И"/><cell x="3" y="8" solution="С"/><cell x="3" y="9" solution="Т"/><cell x="3" y="10" type="clue" foreground-color="#000000"><clue word="38">Правовое\nполо-\nжение</clue></cell><cell x="3" y="11" solution="С"><arrow from="top" to="bottom"/></cell><cell x="3" y="12" solution="Т"/><cell x="3" y="13" solution="А"><arrow from="left" to="right"/></cell><cell x="3" y="14" solution="Т"/><cell x="3" y="15" solution="У"><arrow from="left" to="right"/></cell><cell x="3" y="16" solution="С"/><cell x="4" y="1" solution="З"><arrow from="right" to="bottom"/></cell><cell x="4" y="2" solution="А"/><cell x="4" y="3" solution="Я"/><cell x="4" y="4" solution="В"/><cell x="4" y="5" solution="К"/><cell x="4" y="6" solution="А"/><cell x="4" y="7" type="clue" foreground-color="#000000"><clue word="9">Рыба со\nзмеевид-\nным\nтелом</clue></cell><cell x="4" y="8" solution="К"/><cell x="4" y="9" top-bar="true" solution="В"/><cell x="4" y="10" top-bar="true" solution="С"><arrow from="right" to="bottom"/></cell><cell x="4" y="11" solution="Л"/><cell x="4" y="12" solution="О"/><cell x="4" y="13" solution="Б"/><cell x="4" y="14" solution="О"/><cell x="4" y="15" solution="Д"/><cell x="4" y="16" solution="А"/><cell x="5" y="1" type="clue"><clue word="24">Проше-\nние об\nучастии в\nконкурсе</clue></cell><cell x="5" y="2" solution="Н"/><cell x="5" y="3" type="clue"><clue word="3">Неуго-\nмонная\nчасть\nтурбины</clue></cell><cell x="5" y="4" solution="К"/><cell x="5" y="5" top-bar="true" solution="У"/><cell x="5" y="6" top-bar="true" solution="Ш"/><cell x="5" y="7" top-bar="true" solution="У"><arrow from="left" to="right"/></cell><cell x="5" y="8" top-bar="true" solution="Р"/><cell x="5" y="9" top-bar="true" solution="И"/><cell x="5" y="10" type="clue" foreground-color="#000000"><clue word="33">Поселок\nмастеро-\nвых на\nРуси</clue></cell><cell x="5" y="11" solution="А"/><cell x="5" y="12" type="clue" foreground-color="#000000"><clue word="41">Пита-\nтельная\nсреда\nбиолога</clue></cell><cell x="5" y="13" solution="А"><arrow from="top" to="bottom"/></cell><cell x="5" y="14" solution="Г"/><cell x="5" y="15" solution="А"/><cell x="5" y="16" solution="Р"/><cell x="6" y="1" solution="С"><arrow from="right" to="bottom"/></cell><cell x="6" y="2" solution="Т"/><cell x="6" y="3" solution="Р"><arrow from="left" to="right"/></cell><cell x="6" y="4" solution="А"/><cell x="6" y="5" solution="Т"/><cell x="6" y="6" solution="Е"/><cell x="6" y="7" solution="Г"/><cell x="6" y="8" solution="И"/><cell x="6" y="9" solution="Я"/><cell x="6" y="10" type="clue" foreground-color="#000000"><clue word="13">Каменная\nбеседка с\nкуполом</clue></cell><cell x="6" y="11" solution="М"/><cell x="6" y="12" type="clue" foreground-color="#000000"><clue word="16">Столица\nИрана</clue></cell><cell x="6" y="13" solution="Ж"/><cell x="6" y="14" type="clue" foreground-color="#000000"><clue word="19">'Отец'\nкороля\nлир</clue></cell><cell x="6" y="15" solution="Ч"/><cell x="6" y="16" top-bar="true" solution="Ь"/><cell x="7" y="1" type="clue"><clue word="25">Наука о\nведении\nвойны</clue></cell><cell x="7" y="2" type="clue"><clue word="2">Перепра-\nва через\nущелье</clue></cell><cell x="7" y="3" solution="О"/><cell x="7" y="4" type="clue" foreground-color="#000000"><clue word="5">Насторо-\nженность</clue></cell><cell x="7" y="5" solution="С"/><cell x="7" y="6" type="clue" foreground-color="#000000"><clue word="8">Место\nпозади\nклироса</clue></cell><cell x="7" y="7" solution="О"/><cell x="7" y="8" top-bar="true" solution="К"/><cell x="7" y="9" type="clue" foreground-color="#000000"><clue word="34">Муници-\nпалитет\nВаршавы</clue></cell><cell x="7" y="10" solution="Р"><arrow from="top" to="bottom"/><arrow from="left" to="right"/></cell><cell x="7" y="11" solution="А"/><cell x="7" y="12" solution="Т"><arrow from="left" to="right"/></cell><cell x="7" y="13" solution="У"/><cell x="7" y="14" solution="Ш"><arrow from="left" to="right"/></cell><cell x="7" y="15" solution="А"/><cell x="7" y="16" type="clue" foreground-color="#000000"><clue word="22">Прекра-\nщение от-\nношений</clue></cell><cell x="8" y="1" solution="А"><arrow from="right" to="bottom"/></cell><cell x="8" y="2" solution="В"><arrow from="left" to="right"/></cell><cell x="8" y="3" solution="Т"/><cell x="8" y="4" solution="О"><arrow from="left" to="right"/></cell><cell x="8" y="5" solution="К"/><cell x="8" y="6" solution="А"><arrow from="left" to="right"/></cell><cell x="8" y="7" solution="Р"/><cell x="8" y="8" type="clue" foreground-color="#000000"><clue word="11">Подат-\nлива\nрукам\nгончара</clue></cell><cell x="8" y="9" type="clue" foreground-color="#000000"><clue word="35">Страховка\nот порчи</clue></cell><cell x="8" y="10" solution="О"><arrow from="top" to="bottom"/></cell><cell x="8" y="11" solution="Б"/><cell x="8" y="12" solution="Е"/><cell x="8" y="13" solution="Р"/><cell x="8" y="14" solution="Е"/><cell x="8" y="15" left-bar="true" solution="Г"/><cell x="8" y="16" top-bar="true" solution="Р"><arrow from="left" to="right"/></cell><cell x="9" y="1" type="clue"><clue word="26">Грузовая\nтележка</clue></cell><cell x="9" y="2" solution="И"/><cell x="9" y="3" top-bar="true" solution="О"/><cell x="9" y="4" top-bar="true" solution="П"/><cell x="9" y="5" type="clue" foreground-color="#000000"><clue word="32">Скидка\nпенсио-\nнеру</clue></cell><cell x="9" y="6" solution="Л"><arrow from="top" to="bottom"/></cell><cell x="9" y="7" solution="Ь"/><cell x="9" y="8" solution="Г"><arrow from="left" to="right"/></cell><cell x="9" y="9" solution="О"/><cell x="9" y="10" solution="Т"/><cell x="9" y="11" solution="А"/><cell x="9" y="12" top-bar="true" solution="Г"/><cell x="9" y="13" type="clue" foreground-color="#000000"><clue word="42">'Слово'\nлягушки</clue></cell><cell x="9" y="14" solution="К"><arrow from="top" to="bottom"/></cell><cell x="9" y="15" left-bar="true" solution="В"/><cell x="9" y="16" solution="А"/><cell x="10" y="1" solution="Т"><arrow from="right" to="bottom"/></cell><cell x="10" y="2" solution="А"/><cell x="10" y="3" solution="Р"/><cell x="10" y="4" solution="А"/><cell x="10" y="5" solution="Н"/><cell x="10" y="6" solution="Т"/><cell x="10" y="7" left-bar="true" solution="У"/><cell x="10" y="8" solution="Л"/><cell x="10" y="9" type="clue" foreground-color="#000000"><clue word="36">Родной\nгород\nИльфа и\nПетрова</clue></cell><cell x="10" y="10" solution="О"><arrow from="top" to="bottom"/></cell><cell x="10" y="11" solution="Д"/><cell x="10" y="12" solution="Е"/><cell x="10" y="13" solution="С"/><cell x="10" y="14" solution="С"/><cell x="10" y="15" left-bar="true" solution="А"/><cell x="10" y="16" top-bar="true" solution="З"/><cell x="11" y="1" type="clue"><clue word="27">Кусачий\nпаук</clue></cell><cell x="11" y="2" solution="Д"/><cell x="11" y="3" type="clue"><clue word="30">Где\nболеют\nздоровые\nлюди?</clue></cell><cell x="11" y="4" solution="С"><arrow from="top" to="bottom"/></cell><cell x="11" y="5" left-bar="true" solution="Т"/><cell x="11" y="6" solution="А"/><cell x="11" y="7" left-bar="true" solution="Д"/><cell x="11" y="8" solution="И"/><cell x="11" y="9" solution="О"/><cell x="11" y="10" solution="Н"/><cell x="11" y="11" type="clue" foreground-color="#000000"><clue word="39">Усили-\nтель\nуличных\nречей</clue></cell><cell x="11" y="12" solution="Р"><arrow from="top" to="bottom"/></cell><cell x="11" y="13" left-bar="true" solution="У"/><cell x="11" y="14" solution="П"/><cell x="11" y="15" left-bar="true" solution="О"/><cell x="11" y="16" solution="Р"/><cell x="12" y="1" solution="М"><arrow from="right" to="bottom"/></cell><cell x="12" y="2" solution="У"/><cell x="12" y="3" solution="С"/><cell x="12" y="4" solution="К"/><cell x="12" y="5" left-bar="true" solution="А"/><cell x="12" y="6" solution="Р"/><cell x="12" y="7" left-bar="true" solution="И"/><cell x="12" y="8" solution="Н"/><cell x="12" y="9" type="clue" foreground-color="#000000"><clue word="37">Лепешка -\nв составе\nкартошка</clue></cell><cell x="12" y="10" solution="Д"><arrow from="top" to="bottom"/></cell><cell x="12" y="11" solution="Р"/><cell x="12" y="12" solution="А"/><cell x="12" y="13" left-bar="true" solution="Н"/><cell x="12" y="14" solution="И"/><cell x="12" y="15" left-bar="true" solution="К"/><cell x="12" y="16" top-bar="true" solution="Ы"/><cell x="13" y="1" type="clue"><clue word="28">Яд в\nмухоморе</clue></cell><cell x="13" y="2" solution="К"/><cell x="13" y="3" type="clue"><clue word="31">Юве-\nлирный\nсплав</clue></cell><cell x="13" y="4" solution="А"><arrow from="top" to="bottom"/></cell><cell x="13" y="5" left-bar="true" solution="Л"/><cell x="13" y="6" solution="Ь"/><cell x="13" y="7" left-bar="true" solution="П"/><cell x="13" y="8" solution="А"/><cell x="13" y="9" solution="К"/><cell x="13" y="10" solution="А"/><cell x="13" y="11" type="clue" foreground-color="#000000"><clue word="40">Бодливый\nхарактер</clue></cell><cell x="13" y="12" solution="Н"><arrow from="top" to="bottom"/></cell><cell x="13" y="13" left-bar="true" solution="О"/><cell x="13" y="14" solution="Р"/><cell x="13" y="15" left-bar="true" solution="О"/><cell x="13" y="16" solution="В"/></grid><word id="1" x="1-6" y="2"/><word id="2" x="8-13" y="2"/><word id="3" x="6-10" y="3"/><word id="4" x="1-6" y="4"/><word id="5" x="8-13" y="4"/><word id="6" x="2-8" y="5"/><word id="7" x="1-6" y="6"/><word id="8" x="8-13" y="6"/><word id="9" x="5-9" y="7"/><word id="10" x="2-7" y="8"/><word id="11" x="9-13" y="8"/><word id="12" x="1-6" y="9"/><word id="13" x="7-13" y="10"/><word id="14" x="2-10" y="11"/><word id="15" x="1-4" y="12"/><word id="16" x="7-13" y="12"/><word id="17" x="3-8" y="13"/><word id="18" x="1-5" y="14"/><word id="19" x="7-13" y="14"/><word id="20" x="3-7" y="15"/><word id="21" x="2-6" y="16"/><word id="22" x="8-13" y="16"/><word id="23" x="2" y="1-12"/><word id="24" x="4" y="1-6"/><word id="25" x="6" y="1-9"/><word id="26" x="8" y="1-7"/><word id="27" x="10" y="1-8"/><word id="28" x="12" y="1-8"/><word id="29" x="3" y="4-9"/><word id="30" x="11" y="4-10"/><word id="31" x="13" y="4-10"/><word id="32" x="9" y="6-11"/><word id="33" x="4" y="10-16"/><word id="34" x="7" y="10-15"/><word id="35" x="8" y="10-15"/><word id="36" x="10" y="10-15"/><word id="37" x="12" y="10-15"/><word id="38" x="3" y="11-16"/><word id="39" x="11" y="12-16"/><word id="40" x="13" y="12-16"/><word id="41" x="5" y="13-16"/><word id="42" x="9" y="14-16"/></crossword></rectangular-puzzle></crossword-compiler>
